{"_type":"export","__export_format":4,"__export_date":"2024-09-18T01:14:20.112Z","__export_source":"insomnia.desktop.app:v2023.1.0","resources":[{"_id":"req_6273c0491f4e40c3929fa3232823beb8","parentId":"fld_3973cfb1e95449c1a1268118f7082da6","modified":1726618127511,"created":1726617789157,"url":"localhost:3000/acessorio","name":"Create Acessório","description":"","method":"POST","body":{"mimeType":"application/json","text":"{\n\t\"nome\": \"Luz led embaixo do veículo\"\n}"},"parameters":[],"headers":[{"name":"Content-Type","value":"application/json"}],"authentication":{},"metaSortKey":-1726617861896,"isPrivate":false,"settingStoreCookies":true,"settingSendCookies":true,"settingDisableRenderRequestBody":false,"settingEncodeUrl":true,"settingRebuildPath":true,"settingFollowRedirects":"global","_type":"request"},{"_id":"fld_3973cfb1e95449c1a1268118f7082da6","parentId":"fld_6a68a6a281d641608eca37aa681f858a","modified":1726617786748,"created":1726617786748,"name":"Acessório","description":"","environment":{},"environmentPropertyOrder":null,"metaSortKey":-1726617786748,"_type":"request_group"},{"_id":"fld_6a68a6a281d641608eca37aa681f858a","parentId":"wrk_842e8f59d9184b5cb8dcdd60e3ddc9e3","modified":1726616026640,"created":1726616026641,"name":"CRUD escola de ti","description":"","environment":{},"environmentPropertyOrder":null,"metaSortKey":-1726616026641,"_type":"request_group"},{"_id":"wrk_842e8f59d9184b5cb8dcdd60e3ddc9e3","parentId":null,"modified":1679060842857,"created":1679060842857,"name":"New Document","description":"","scope":"design","_type":"workspace"},{"_id":"req_47f62374b18347f586a772c91261c014","parentId":"fld_3973cfb1e95449c1a1268118f7082da6","modified":1726619261466,"created":1726617861946,"url":"localhost:3000/acessorio","name":"FindAll Acessório","description":"","method":"GET","body":{},"parameters":[],"headers":[],"authentication":{},"metaSortKey":-1726617861846,"isPrivate":false,"settingStoreCookies":true,"settingSendCookies":true,"settingDisableRenderRequestBody":false,"settingEncodeUrl":true,"settingRebuildPath":true,"settingFollowRedirects":"global","_type":"request"},{"_id":"req_efcc5088545c41f4903e2af6d9a79eb5","parentId":"fld_3973cfb1e95449c1a1268118f7082da6","modified":1726617910895,"created":1726617892601,"url":"localhost:3000/acessorio/66ea19009041d68d33df9b38","name":"FindOne Acessorio","description":"","method":"GET","body":{},"parameters":[],"headers":[],"authentication":{},"metaSortKey":-1726617861796,"isPrivate":false,"settingStoreCookies":true,"settingSendCookies":true,"settingDisableRenderRequestBody":false,"settingEncodeUrl":true,"settingRebuildPath":true,"settingFollowRedirects":"global","_type":"request"},{"_id":"req_6145d5103d0d4579ad5a09166120ee0e","parentId":"fld_3973cfb1e95449c1a1268118f7082da6","modified":1726618012181,"created":1726617987430,"url":"localhost:3000/acessorio/66ea19009041d68d33df9b38","name":"Update Acessorio","description":"","method":"PATCH","body":{"mimeType":"application/json","text":"{\n\t\"nome\": \"TesteUpdate\"\n}"},"parameters":[],"headers":[{"name":"Content-Type","value":"application/json"}],"authentication":{},"metaSortKey":-1726617861746,"isPrivate":false,"settingStoreCookies":true,"settingSendCookies":true,"settingDisableRenderRequestBody":false,"settingEncodeUrl":true,"settingRebuildPath":true,"settingFollowRedirects":"global","_type":"request"},{"_id":"req_bd89a06799b94429a6910fbcd9ab1b68","parentId":"fld_3973cfb1e95449c1a1268118f7082da6","modified":1726618077744,"created":1726618066908,"url":"localhost:3000/acessorio/66ea19009041d68d33df9b38","name":"Delete Acessório","description":"","method":"DELETE","body":{},"parameters":[],"headers":[],"authentication":{},"metaSortKey":-1726617861696,"isPrivate":false,"settingStoreCookies":true,"settingSendCookies":true,"settingDisableRenderRequestBody":false,"settingEncodeUrl":true,"settingRebuildPath":true,"settingFollowRedirects":"global","_type":"request"},{"_id":"req_cc70c703414d4f1db8e465b565b570aa","parentId":"fld_e9858cd817824caebd231112e33636db","modified":1726617765626,"created":1726616031080,"url":"localhost:3000/veiculo","name":"Create Veículo","description":"","method":"POST","body":{"mimeType":"application/json","text":"{\n\t\"modelo\": \"Mercedes\",\n\t\"anoFabricacao\": \"2010\",\n\t\"placa\": \"CCC-2222\"\n}"},"parameters":[],"headers":[{"name":"Content-Type","value":"application/json"}],"authentication":{},"metaSortKey":-1726616031080,"isPrivate":false,"settingStoreCookies":true,"settingSendCookies":true,"settingDisableRenderRequestBody":false,"settingEncodeUrl":true,"settingRebuildPath":true,"settingFollowRedirects":"global","_type":"request"},{"_id":"fld_e9858cd817824caebd231112e33636db","parentId":"fld_6a68a6a281d641608eca37aa681f858a","modified":1726617763121,"created":1726617763121,"name":"Veículo","description":"","environment":{},"environmentPropertyOrder":null,"metaSortKey":-1726617763121,"_type":"request_group"},{"_id":"req_0bb4917aad84477f96bfa93bfd4acdb3","parentId":"fld_e9858cd817824caebd231112e33636db","modified":1726617767454,"created":1726616377022,"url":"localhost:3000/veiculo","name":"FindAll Veículo","description":"","method":"GET","body":{},"parameters":[],"headers":[],"authentication":{},"metaSortKey":-1726616031030,"isPrivate":false,"settingStoreCookies":true,"settingSendCookies":true,"settingDisableRenderRequestBody":false,"settingEncodeUrl":true,"settingRebuildPath":true,"settingFollowRedirects":"global","_type":"request"},{"_id":"req_5e473db4014244cb9bad7901f705abef","parentId":"fld_e9858cd817824caebd231112e33636db","modified":1726617769000,"created":1726616407340,"url":"localhost:3000/veiculo/66ea12a5b0cd3814b6780a55","name":"FindOne Veículo","description":"","method":"GET","body":{},"parameters":[],"headers":[],"authentication":{},"metaSortKey":-1726616030980,"isPrivate":false,"settingStoreCookies":true,"settingSendCookies":true,"settingDisableRenderRequestBody":false,"settingEncodeUrl":true,"settingRebuildPath":true,"settingFollowRedirects":"global","_type":"request"},{"_id":"req_1f9bd01d740e41a98611aa4198bbe72f","parentId":"fld_e9858cd817824caebd231112e33636db","modified":1726617770224,"created":1726617181473,"url":"localhost:3000/veiculo/66ea12a5b0cd3814b6780a55","name":"Update Veículo","description":"","method":"PATCH","body":{"mimeType":"application/json","text":"{\n\t\"modelo\": \"Teste\",\n\t\"anoFabricacao\": \"1000\",\n\t\"placa\": \"ZZZ-9999\"\n}"},"parameters":[],"headers":[{"name":"Content-Type","value":"application/json"}],"authentication":{},"metaSortKey":-1726616030930,"isPrivate":false,"settingStoreCookies":true,"settingSendCookies":true,"settingDisableRenderRequestBody":false,"settingEncodeUrl":true,"settingRebuildPath":true,"settingFollowRedirects":"global","_type":"request"},{"_id":"req_87b4571324a24ee2a6503dfd16ec6288","parentId":"fld_e9858cd817824caebd231112e33636db","modified":1726617771378,"created":1726617377865,"url":"localhost:3000/veiculo/66ea12a5b0cd3814b6780a55","name":"Delete Veículo","description":"","method":"DELETE","body":{},"parameters":[],"headers":[],"authentication":{},"metaSortKey":-1726616030880,"isPrivate":false,"settingStoreCookies":true,"settingSendCookies":true,"settingDisableRenderRequestBody":false,"settingEncodeUrl":true,"settingRebuildPath":true,"settingFollowRedirects":"global","_type":"request"},{"_id":"env_ad0d505f64429ba6adf01628610465ddc64c227a","parentId":"wrk_842e8f59d9184b5cb8dcdd60e3ddc9e3","modified":1679060842863,"created":1679060842863,"name":"Base Environment","data":{},"dataPropertyOrder":null,"color":null,"isPrivate":false,"metaSortKey":1679060842863,"_type":"environment"},{"_id":"jar_ad0d505f64429ba6adf01628610465ddc64c227a","parentId":"wrk_842e8f59d9184b5cb8dcdd60e3ddc9e3","modified":1679060842865,"created":1679060842865,"name":"Default Jar","cookies":[],"_type":"cookie_jar"},{"_id":"spc_2a76b6e462e749d19d296aa7313301ae","parentId":"wrk_842e8f59d9184b5cb8dcdd60e3ddc9e3","modified":1726615999890,"created":1679060842858,"fileName":"New Document","contents":"","contentType":"yaml","_type":"api_spec"},{"_id":"uts_858887ecdf5f48a4bc2769905c38f345","parentId":"wrk_842e8f59d9184b5cb8dcdd60e3ddc9e3","modified":1679060842871,"created":1679060842871,"name":"Example Test Suite","_type":"unit_test_suite"}]}